<?xml version="1.0" encoding="UTF-8"?>
<project-private xmlns="http://www.netbeans.org/ns/project-private/1">
    <editor-bookmarks xmlns="http://www.netbeans.org/ns/editor-bookmarks/1"/>
    <editor-bookmarks xmlns="http://www.netbeans.org/ns/editor-bookmarks/2" lastBookmarkId="0"/>
    <open-files xmlns="http://www.netbeans.org/ns/projectui-open-files/2">
        <group>
            <file>file:/Users/qdou/Dropbox/decipher/Slice_v9_t-backup/src/slice_gibbs/lm.java</file>
            <file>file:/Users/qdou/Dropbox/decipher/Slice_v9_t-backup/src/slice_gibbs/Slice_Gibbs.java</file>
        </group>
    </open-files>
</project-private>
